"","log2FoldChange","padj","Factor"
"ko:K00024",-0.488253946568418,0.961916795994164,"Menthol_Menthol_vs_Control"
"ko:K00031",-0.611566114856463,0.961916795994164,"Menthol_Menthol_vs_Control"
"ko:K00128",-0.217760101896581,0.961916795994164,"Menthol_Menthol_vs_Control"
"ko:K00134",2.15955587377223,0.241958159975776,"Menthol_Menthol_vs_Control"
"ko:K00140",-0.165230810205392,0.998795643598265,"Menthol_Menthol_vs_Control"
"ko:K00207",0.366295902898142,0.961916795994164,"Menthol_Menthol_vs_Control"
"ko:K00235",-0.334573787332819,0.961916795994164,"Menthol_Menthol_vs_Control"
"ko:K00249",-0.00703356998942014,0.998795643598265,"Menthol_Menthol_vs_Control"
"ko:K00262",0.0269055729156124,0.998795643598265,"Menthol_Menthol_vs_Control"
"ko:K00331",0.215672547540048,0.988062050613687,"Menthol_Menthol_vs_Control"
"ko:K00333",-0.688088747936304,0.71985399048068,"Menthol_Menthol_vs_Control"
"ko:K00338",0.669358099791878,0.961916795994164,"Menthol_Menthol_vs_Control"
"ko:K00357",0.446397246965667,0.961916795994164,"Menthol_Menthol_vs_Control"
"ko:K00411",0.110374022856533,0.961916795994164,"Menthol_Menthol_vs_Control"
"ko:K00413",0.408464867163944,0.988062050613687,"Menthol_Menthol_vs_Control"
"ko:K00456",-0.658866330258801,0.833440711964174,"Menthol_Menthol_vs_Control"
"ko:K00469",0.110996630881764,0.961916795994164,"Menthol_Menthol_vs_Control"
"ko:K00500",0.140378458391836,0.995514422114898,"Menthol_Menthol_vs_Control"
"ko:K00522",-0.937065664670251,0.0707766075831936,"Menthol_Menthol_vs_Control"
"ko:K00544",0.0904620462594159,0.998795643598265,"Menthol_Menthol_vs_Control"
"ko:K00616",-1.83621274328542,0.71985399048068,"Menthol_Menthol_vs_Control"
"ko:K00643",0.375280548452268,0.833440711964174,"Menthol_Menthol_vs_Control"
"ko:K00789",0.0847826172998527,0.998795643598265,"Menthol_Menthol_vs_Control"
"ko:K00799",-0.49320612147715,0.961916795994164,"Menthol_Menthol_vs_Control"
"ko:K00814",-0.473496860005224,0.961916795994164,"Menthol_Menthol_vs_Control"
"ko:K00819",0.632478432947507,0.306844549016718,"Menthol_Menthol_vs_Control"
"ko:K00856",0.0989899576505775,0.998795643598265,"Menthol_Menthol_vs_Control"
"ko:K00933",-0.17471833191427,0.961916795994164,"Menthol_Menthol_vs_Control"
"ko:K00939",-0.516099714447133,0.833440711964174,"Menthol_Menthol_vs_Control"
"ko:K00940",0.223352806032634,0.970548347181579,"Menthol_Menthol_vs_Control"
"ko:K00966",-1.93914482953871,0.920415041130739,"Menthol_Menthol_vs_Control"
"ko:K00967",0.336031269651835,0.71985399048068,"Menthol_Menthol_vs_Control"
"ko:K01070",-0.706074197372387,0.961916795994164,"Menthol_Menthol_vs_Control"
"ko:K01206",-0.00484540430774904,0.998795643598265,"Menthol_Menthol_vs_Control"
"ko:K01251",1.12743938317295,0.306844549016718,"Menthol_Menthol_vs_Control"
"ko:K01363",0.30998013560787,0.958442639970006,"Menthol_Menthol_vs_Control"
"ko:K01365",-0.0421221555185852,0.998795643598265,"Menthol_Menthol_vs_Control"
"ko:K01379",0.132039564697167,0.961916795994164,"Menthol_Menthol_vs_Control"
"ko:K01551",-0.501609526888144,0.961916795994164,"Menthol_Menthol_vs_Control"
"ko:K01596",0.722480879335028,0.178964449598714,"Menthol_Menthol_vs_Control"
"ko:K01623",-0.922216060086415,0.241958159975776,"Menthol_Menthol_vs_Control"
"ko:K01681",-0.182309468538206,0.961916795994164,"Menthol_Menthol_vs_Control"
"ko:K01689",0.619909135215295,0.560114855446514,"Menthol_Menthol_vs_Control"
"ko:K01697",-0.087427348716022,0.998795643598265,"Menthol_Menthol_vs_Control"
"ko:K01758",0.235144480337896,0.993387168659257,"Menthol_Menthol_vs_Control"
"ko:K01875",0.308933493591927,0.961916795994164,"Menthol_Menthol_vs_Control"
"ko:K01881",0.650843442335096,0.961916795994164,"Menthol_Menthol_vs_Control"
"ko:K01889",-0.376144933269704,0.961916795994164,"Menthol_Menthol_vs_Control"
"ko:K01890",-0.254627636730487,0.995514422114898,"Menthol_Menthol_vs_Control"
"ko:K01892",-0.522981199173518,0.961916795994164,"Menthol_Menthol_vs_Control"
"ko:K01893",-0.191732313052244,0.996212935182115,"Menthol_Menthol_vs_Control"
"ko:K01953",-0.735243817603337,0.339191987102541,"Menthol_Menthol_vs_Control"
"ko:K02105",-0.603037310205324,0.833440711964174,"Menthol_Menthol_vs_Control"
"ko:K02111",-2.07389255208823,0.71985399048068,"Menthol_Menthol_vs_Control"
"ko:K02112",-0.118324960495174,0.961916795994164,"Menthol_Menthol_vs_Control"
"ko:K02146",-0.879104404241037,0.833440711964174,"Menthol_Menthol_vs_Control"
"ko:K02149",0.0578178680792542,0.998795643598265,"Menthol_Menthol_vs_Control"
"ko:K02152",-0.0538608867303076,0.998795643598265,"Menthol_Menthol_vs_Control"
"ko:K02155",-0.30837136010975,0.958442639970006,"Menthol_Menthol_vs_Control"
"ko:K02183",0.268811406103257,0.71985399048068,"Menthol_Menthol_vs_Control"
"ko:K02219",0.495125524539899,0.970548347181579,"Menthol_Menthol_vs_Control"
"ko:K02267",-1.10805857223784,0.833440711964174,"Menthol_Menthol_vs_Control"
"ko:K02437",-0.00216970750463909,0.998795643598265,"Menthol_Menthol_vs_Control"
"ko:K02503",-1.41805652603016,0.833440711964174,"Menthol_Menthol_vs_Control"
"ko:K02635",-0.133668935786978,0.998795643598265,"Menthol_Menthol_vs_Control"
"ko:K02639",-0.959404669553062,0.958442639970006,"Menthol_Menthol_vs_Control"
"ko:K02703",0.795805934216395,0.998795643598265,"Menthol_Menthol_vs_Control"
"ko:K02705",0.822437952177309,0.888190647815826,"Menthol_Menthol_vs_Control"
"ko:K02706",0.0228088606080563,0.998795643598265,"Menthol_Menthol_vs_Control"
"ko:K02725",-1.22362252484144,0.833440711964174,"Menthol_Menthol_vs_Control"
"ko:K02726",0.704536227013729,0.961916795994164,"Menthol_Menthol_vs_Control"
"ko:K02728",-0.806649693827633,0.854768993279775,"Menthol_Menthol_vs_Control"
"ko:K02732",0.209969442569366,0.961916795994164,"Menthol_Menthol_vs_Control"
"ko:K02865",-0.62783396946856,0.961916795994164,"Menthol_Menthol_vs_Control"
"ko:K02866",-0.375116531012294,0.961916795994164,"Menthol_Menthol_vs_Control"
"ko:K02870",0.3377769489483,0.507229462895065,"Menthol_Menthol_vs_Control"
"ko:K02872",-0.875635629439488,0.833440711964174,"Menthol_Menthol_vs_Control"
"ko:K02873",0.365174608137285,0.881512699503934,"Menthol_Menthol_vs_Control"
"ko:K02877",0.614700357941252,0.961916795994164,"Menthol_Menthol_vs_Control"
"ko:K02880",-0.382795732722647,0.961916795994164,"Menthol_Menthol_vs_Control"
"ko:K02882",-0.304317442548757,0.961916795994164,"Menthol_Menthol_vs_Control"
"ko:K02885",-0.84823059513774,0.828092446690565,"Menthol_Menthol_vs_Control"
"ko:K02889",-0.13934156631773,0.998795643598265,"Menthol_Menthol_vs_Control"
"ko:K02891",-1.70399346642757,0.833440711964174,"Menthol_Menthol_vs_Control"
"ko:K02896",-0.322466754497973,0.961916795994164,"Menthol_Menthol_vs_Control"
"ko:K02898",-0.378131215838278,0.961916795994164,"Menthol_Menthol_vs_Control"
"ko:K02900",-0.523225717493968,0.961916795994164,"Menthol_Menthol_vs_Control"
"ko:K02901",-0.00228632062307854,0.998795643598265,"Menthol_Menthol_vs_Control"
"ko:K02905",0.193628274720568,0.961916795994164,"Menthol_Menthol_vs_Control"
"ko:K02908",0.782071777527778,0.833440711964174,"Menthol_Menthol_vs_Control"
"ko:K02910",0.0239777679408511,0.998795643598265,"Menthol_Menthol_vs_Control"
"ko:K02915",-0.295097194411851,0.961916795994164,"Menthol_Menthol_vs_Control"
"ko:K02917",-0.456055034573083,0.961916795994164,"Menthol_Menthol_vs_Control"
"ko:K02918",0.18546393040169,0.998795643598265,"Menthol_Menthol_vs_Control"
"ko:K02920",-0.325727733109254,0.995514422114898,"Menthol_Menthol_vs_Control"
"ko:K02921",-1.35098380358857,0.961916795994164,"Menthol_Menthol_vs_Control"
"ko:K02923",-0.0669211738243633,0.998795643598265,"Menthol_Menthol_vs_Control"
"ko:K02924",-0.555319865500514,0.961916795994164,"Menthol_Menthol_vs_Control"
"ko:K02929",-1.43270702974504,0.306844549016718,"Menthol_Menthol_vs_Control"
"ko:K02930",-0.623362906755933,0.961916795994164,"Menthol_Menthol_vs_Control"
"ko:K02932",0.0907104411606698,0.998795643598265,"Menthol_Menthol_vs_Control"
"ko:K02936",-0.266175427964878,0.961916795994164,"Menthol_Menthol_vs_Control"
"ko:K02937",1.36642450241233,0.71985399048068,"Menthol_Menthol_vs_Control"
"ko:K02938",-0.628096050502923,0.833440711964174,"Menthol_Menthol_vs_Control"
"ko:K02941",-0.471367419490577,0.961916795994164,"Menthol_Menthol_vs_Control"
"ko:K02947",-0.191037114172931,0.998795643598265,"Menthol_Menthol_vs_Control"
"ko:K02949",0.396281921794881,0.961916795994164,"Menthol_Menthol_vs_Control"
"ko:K02951",0.659733412480912,0.958442639970006,"Menthol_Menthol_vs_Control"
"ko:K02953",0.729243352862496,0.961916795994164,"Menthol_Menthol_vs_Control"
"ko:K02955",0.0540774023345101,0.998795643598265,"Menthol_Menthol_vs_Control"
"ko:K02958",0.103954517990972,0.998795643598265,"Menthol_Menthol_vs_Control"
"ko:K02962",-0.341503738079018,0.961916795994164,"Menthol_Menthol_vs_Control"
"ko:K02966",0.180016541247611,0.995514422114898,"Menthol_Menthol_vs_Control"
"ko:K02969",-1.4279894029478,0.833440711964174,"Menthol_Menthol_vs_Control"
"ko:K02971",-0.732795571049942,0.961916795994164,"Menthol_Menthol_vs_Control"
"ko:K02973",0.987756640902881,0.947209069430956,"Menthol_Menthol_vs_Control"
"ko:K02975",-0.982489398425545,0.854768993279775,"Menthol_Menthol_vs_Control"
"ko:K02976",-1.34451397734192,0.833440711964174,"Menthol_Menthol_vs_Control"
"ko:K02978",-0.582487282784457,0.71985399048068,"Menthol_Menthol_vs_Control"
"ko:K02980",-1.08262392889169,0.552584998361037,"Menthol_Menthol_vs_Control"
"ko:K02981",-1.10623686608746,0.961916795994164,"Menthol_Menthol_vs_Control"
"ko:K02983",0.338934669517166,0.961916795994164,"Menthol_Menthol_vs_Control"
"ko:K02984",0.717707410089462,0.828092446690565,"Menthol_Menthol_vs_Control"
"ko:K02985",-0.151391105642045,0.998795643598265,"Menthol_Menthol_vs_Control"
"ko:K02987",0.79365085382766,0.961916795994164,"Menthol_Menthol_vs_Control"
"ko:K02991",-0.165028155266251,0.961916795994164,"Menthol_Menthol_vs_Control"
"ko:K02992",-0.371617601340521,0.961916795994164,"Menthol_Menthol_vs_Control"
"ko:K02993",-0.720062283583147,0.241958159975776,"Menthol_Menthol_vs_Control"
"ko:K02995",0.0459259398226063,0.998795643598265,"Menthol_Menthol_vs_Control"
"ko:K03007",-0.714138116009448,0.958442639970006,"Menthol_Menthol_vs_Control"
"ko:K03008",0.735455880632725,0.961916795994164,"Menthol_Menthol_vs_Control"
"ko:K03012",-0.0017745500557315,0.998795643598265,"Menthol_Menthol_vs_Control"
"ko:K03015",0.489316254772439,0.961916795994164,"Menthol_Menthol_vs_Control"
"ko:K03017",0.0621476812136592,0.998795643598265,"Menthol_Menthol_vs_Control"
"ko:K03031",-0.0885486097065623,0.998795643598265,"Menthol_Menthol_vs_Control"
"ko:K03038",-0.511884699957508,0.961916795994164,"Menthol_Menthol_vs_Control"
"ko:K03065",-0.196552680178894,0.998795643598265,"Menthol_Menthol_vs_Control"
"ko:K03083",-0.0635370697149389,0.998795643598265,"Menthol_Menthol_vs_Control"
"ko:K03113",-0.155161873074895,0.998795643598265,"Menthol_Menthol_vs_Control"
"ko:K03123",1.01419807267646,0.958442639970006,"Menthol_Menthol_vs_Control"
"ko:K03231",1.20000290587472,0.961916795994164,"Menthol_Menthol_vs_Control"
"ko:K03232",-2.01776506634879,0.306844549016718,"Menthol_Menthol_vs_Control"
"ko:K03233",-0.0642600156117303,0.998795643598265,"Menthol_Menthol_vs_Control"
"ko:K03234",0.824828350686647,0.961916795994164,"Menthol_Menthol_vs_Control"
"ko:K03236",-0.870661508901618,0.399281852457611,"Menthol_Menthol_vs_Control"
"ko:K03246",-0.0835413714045587,0.998795643598265,"Menthol_Menthol_vs_Control"
"ko:K03247",-0.0465510174166839,0.998795643598265,"Menthol_Menthol_vs_Control"
"ko:K03263",-0.279105873759469,0.998795643598265,"Menthol_Menthol_vs_Control"
"ko:K03283",-0.363839551741271,0.833440711964174,"Menthol_Menthol_vs_Control"
"ko:K03521",0.118082583031412,0.998795643598265,"Menthol_Menthol_vs_Control"
"ko:K03522",-0.783776804384256,0.961916795994164,"Menthol_Menthol_vs_Control"
"ko:K03626",0.0367235581052493,0.998795643598265,"Menthol_Menthol_vs_Control"
"ko:K03627",-0.421629118860743,0.995514422114898,"Menthol_Menthol_vs_Control"
"ko:K03661",-1.62994746501881,0.70889927734129,"Menthol_Menthol_vs_Control"
"ko:K03872",0.302967411063276,0.961916795994164,"Menthol_Menthol_vs_Control"
"ko:K03873",-0.228970034484745,0.961916795994164,"Menthol_Menthol_vs_Control"
"ko:K03936",0.193366380153429,0.998795643598265,"Menthol_Menthol_vs_Control"
"ko:K03942",0.276026083321319,0.995514422114898,"Menthol_Menthol_vs_Control"
"ko:K03943",0.780890697831099,0.961916795994164,"Menthol_Menthol_vs_Control"
"ko:K04043",0.155662974314944,0.998795643598265,"Menthol_Menthol_vs_Control"
"ko:K04079",0.020573959134978,0.998795643598265,"Menthol_Menthol_vs_Control"
"ko:K04345",0.77170949188561,0.958442639970006,"Menthol_Menthol_vs_Control"
"ko:K04348",1.41629849651394,0.833440711964174,"Menthol_Menthol_vs_Control"
"ko:K04354",-1.78979088226541,0.0877826143494441,"Menthol_Menthol_vs_Control"
"ko:K04364",-0.610578865822067,0.920415041130739,"Menthol_Menthol_vs_Control"
"ko:K04369",-1.0839916309619,0.828092446690565,"Menthol_Menthol_vs_Control"
"ko:K04370",-0.144205616172364,0.998795643598265,"Menthol_Menthol_vs_Control"
"ko:K04371",-0.433165548822353,0.961916795994164,"Menthol_Menthol_vs_Control"
"ko:K04393",-0.325605580118152,0.961916795994164,"Menthol_Menthol_vs_Control"
"ko:K04444",-1.04427097922058,0.961916795994164,"Menthol_Menthol_vs_Control"
"ko:K04456",-0.538443683263551,0.961916795994164,"Menthol_Menthol_vs_Control"
"ko:K04503",-0.0894339438023686,0.998795643598265,"Menthol_Menthol_vs_Control"
"ko:K04536",-0.521963449711802,0.961916795994164,"Menthol_Menthol_vs_Control"
"ko:K04552",0.271500812522159,0.961916795994164,"Menthol_Menthol_vs_Control"
"ko:K04567",0.0304652100993635,0.998795643598265,"Menthol_Menthol_vs_Control"
"ko:K04635",-1.06021737056805,0.961916795994164,"Menthol_Menthol_vs_Control"
"ko:K04712",-0.289376123055954,0.961916795994164,"Menthol_Menthol_vs_Control"
"ko:K05754",-0.23318419230789,0.961916795994164,"Menthol_Menthol_vs_Control"
"ko:K05755",0.572181016338745,0.958442639970006,"Menthol_Menthol_vs_Control"
"ko:K05757",0.00686773163176291,0.998795643598265,"Menthol_Menthol_vs_Control"
"ko:K05758",-0.345633100433826,0.961916795994164,"Menthol_Menthol_vs_Control"
"ko:K05759",-0.624770223645918,0.71985399048068,"Menthol_Menthol_vs_Control"
"ko:K06685",0.49711082633961,0.961916795994164,"Menthol_Menthol_vs_Control"
"ko:K06689",-0.286893046524864,0.961916795994164,"Menthol_Menthol_vs_Control"
"ko:K06704",0.345099853162711,0.961916795994164,"Menthol_Menthol_vs_Control"
"ko:K07151",-0.195075847803365,0.920415041130739,"Menthol_Menthol_vs_Control"
"ko:K07192",0.0203671867796311,0.998795643598265,"Menthol_Menthol_vs_Control"
"ko:K07205",-0.664983060090146,0.833440711964174,"Menthol_Menthol_vs_Control"
"ko:K07342",-0.17420777994504,0.998795643598265,"Menthol_Menthol_vs_Control"
"ko:K07375",-0.0645159230544824,0.998795643598265,"Menthol_Menthol_vs_Control"
"ko:K07509",0.0234736059523234,0.998795643598265,"Menthol_Menthol_vs_Control"
"ko:K07827",0.330971788701184,0.961916795994164,"Menthol_Menthol_vs_Control"
"ko:K07874",0.30369899160486,0.961916795994164,"Menthol_Menthol_vs_Control"
"ko:K07887",-0.0207894868962233,0.998795643598265,"Menthol_Menthol_vs_Control"
"ko:K07890",1.03847693769353,0.241958159975776,"Menthol_Menthol_vs_Control"
"ko:K07891",-0.836421332854525,0.961916795994164,"Menthol_Menthol_vs_Control"
"ko:K07893",-1.28610828264495,0.881512699503934,"Menthol_Menthol_vs_Control"
"ko:K07901",-0.474898210745061,0.833440711964174,"Menthol_Menthol_vs_Control"
"ko:K07918",-1.18894625678983,0.82480748789227,"Menthol_Menthol_vs_Control"
"ko:K07936",0.431890030119961,0.961916795994164,"Menthol_Menthol_vs_Control"
"ko:K07937",-0.0678522769538102,0.961916795994164,"Menthol_Menthol_vs_Control"
"ko:K07952",-0.0991175291831273,0.998795643598265,"Menthol_Menthol_vs_Control"
"ko:K07976",0.492149849302202,0.961916795994164,"Menthol_Menthol_vs_Control"
"ko:K08056",0.547516247542732,0.961916795994164,"Menthol_Menthol_vs_Control"
"ko:K08341",0.681015886153371,0.961916795994164,"Menthol_Menthol_vs_Control"
"ko:K08548",0.225629753000499,0.961916795994164,"Menthol_Menthol_vs_Control"
"ko:K08764",1.24380545406785,0.961916795994164,"Menthol_Menthol_vs_Control"
"ko:K08870",-0.0218944242177544,0.998795643598265,"Menthol_Menthol_vs_Control"
"ko:K08872",0.464946365189729,0.989798132388333,"Menthol_Menthol_vs_Control"
"ko:K08957",0.908981082158428,0.854768993279775,"Menthol_Menthol_vs_Control"
"ko:K09022",-0.410806767639281,0.961916795994164,"Menthol_Menthol_vs_Control"
"ko:K09398",0.655668513698119,0.961916795994164,"Menthol_Menthol_vs_Control"
"ko:K09481",-0.00236011858112654,0.998795643598265,"Menthol_Menthol_vs_Control"
"ko:K09490",1.18085031175398,0.833440711964174,"Menthol_Menthol_vs_Control"
"ko:K09567",-0.977460049645984,0.961916795994164,"Menthol_Menthol_vs_Control"
"ko:K09568",0.327597476736335,0.993387168659257,"Menthol_Menthol_vs_Control"
"ko:K09569",1.77959772621571,0.241958159975776,"Menthol_Menthol_vs_Control"
"ko:K09580",0.0487217889305745,0.998795643598265,"Menthol_Menthol_vs_Control"
"ko:K09584",0.210896784853086,0.833440711964174,"Menthol_Menthol_vs_Control"
"ko:K09595",-0.830411414196696,0.507229462895065,"Menthol_Menthol_vs_Control"
"ko:K10364",0.538397444658509,0.71985399048068,"Menthol_Menthol_vs_Control"
"ko:K10365",-0.0376883742094269,0.998795643598265,"Menthol_Menthol_vs_Control"
"ko:K10418",0.427788987043437,0.961916795994164,"Menthol_Menthol_vs_Control"
"ko:K10419",0.152122354928905,0.998795643598265,"Menthol_Menthol_vs_Control"
"ko:K10420",-0.0345240473673257,0.998795643598265,"Menthol_Menthol_vs_Control"
"ko:K10435",-0.0780722152931385,0.998795643598265,"Menthol_Menthol_vs_Control"
"ko:K10573",0.952854653342605,0.833440711964174,"Menthol_Menthol_vs_Control"
"ko:K10575",-0.411013741006856,0.961916795994164,"Menthol_Menthol_vs_Control"
"ko:K10577",-1.20389950045776,0.958442639970006,"Menthol_Menthol_vs_Control"
"ko:K10580",-0.150857662341885,0.989798132388333,"Menthol_Menthol_vs_Control"
"ko:K10582",-0.121276265799318,0.998795643598265,"Menthol_Menthol_vs_Control"
"ko:K10583",-0.865721262958444,0.961916795994164,"Menthol_Menthol_vs_Control"
"ko:K10688",-1.52662278373327,0.833440711964174,"Menthol_Menthol_vs_Control"
"ko:K10704",-0.119847575849576,0.995514422114898,"Menthol_Menthol_vs_Control"
"ko:K10949",0.608214209054728,0.961916795994164,"Menthol_Menthol_vs_Control"
"ko:K10956",0.865911755719709,0.961916795994164,"Menthol_Menthol_vs_Control"
"ko:K11087",-0.253273433574298,0.998795643598265,"Menthol_Menthol_vs_Control"
"ko:K11088",-0.18197908460679,0.988062050613687,"Menthol_Menthol_vs_Control"
"ko:K11099",0.816183279128154,0.961916795994164,"Menthol_Menthol_vs_Control"
"ko:K11130",0.624201146760184,0.961916795994164,"Menthol_Menthol_vs_Control"
"ko:K11188",0.0176617586674875,0.998795643598265,"Menthol_Menthol_vs_Control"
"ko:K11251",0.729513787808336,0.833440711964174,"Menthol_Menthol_vs_Control"
"ko:K11252",-0.294844941594401,0.961916795994164,"Menthol_Menthol_vs_Control"
"ko:K11254",0.0888104864711647,0.998795643598265,"Menthol_Menthol_vs_Control"
"ko:K11495",-0.597996451374795,0.961916795994164,"Menthol_Menthol_vs_Control"
"ko:K11584",0.257101991129753,0.995514422114898,"Menthol_Menthol_vs_Control"
"ko:K11827",-1.82713313519096,0.833440711964174,"Menthol_Menthol_vs_Control"
"ko:K11884",-0.501499465382123,0.961916795994164,"Menthol_Menthol_vs_Control"
"ko:K11980",-0.622702909962688,0.958442639970006,"Menthol_Menthol_vs_Control"
"ko:K12158",0.0433694709438403,0.998795643598265,"Menthol_Menthol_vs_Control"
"ko:K12165",-0.956870848316621,0.961916795994164,"Menthol_Menthol_vs_Control"
"ko:K12194",-0.170945895093703,0.958442639970006,"Menthol_Menthol_vs_Control"
"ko:K12197",-0.0927370198990032,0.998795643598265,"Menthol_Menthol_vs_Control"
"ko:K12198",-1.70924705110164,0.64929891449339,"Menthol_Menthol_vs_Control"
"ko:K12393",0.41122620396419,0.961916795994164,"Menthol_Menthol_vs_Control"
"ko:K12398",1.04430979074447,0.961916795994164,"Menthol_Menthol_vs_Control"
"ko:K12581",-0.533259852712461,0.964881893147425,"Menthol_Menthol_vs_Control"
"ko:K12620",-1.38854143386933,0.958442639970006,"Menthol_Menthol_vs_Control"
"ko:K12621",0.494461627422221,0.961916795994164,"Menthol_Menthol_vs_Control"
"ko:K12622",-0.316605222336376,0.998795643598265,"Menthol_Menthol_vs_Control"
"ko:K12623",0.272937624220508,0.995514422114898,"Menthol_Menthol_vs_Control"
"ko:K12670",-0.507579180874299,0.988062050613687,"Menthol_Menthol_vs_Control"
"ko:K12757",-0.170746507731044,0.961916795994164,"Menthol_Menthol_vs_Control"
"ko:K12828",-0.0715035605547173,0.961916795994164,"Menthol_Menthol_vs_Control"
"ko:K12832",-0.12496937881519,0.961916795994164,"Menthol_Menthol_vs_Control"
"ko:K12833",-0.696692993756516,0.961916795994164,"Menthol_Menthol_vs_Control"
"ko:K12859",-0.257474379004324,0.988062050613687,"Menthol_Menthol_vs_Control"
"ko:K12873",-0.782229053608701,0.961916795994164,"Menthol_Menthol_vs_Control"
"ko:K12877",0.217416872012322,0.993387168659257,"Menthol_Menthol_vs_Control"
"ko:K12947",-0.410359450943455,0.961916795994164,"Menthol_Menthol_vs_Control"
"ko:K13025",-0.2750752300825,0.71985399048068,"Menthol_Menthol_vs_Control"
"ko:K13120",0.775546205876488,0.961916795994164,"Menthol_Menthol_vs_Control"
"ko:K13126",0.444227418115642,0.71985399048068,"Menthol_Menthol_vs_Control"
"ko:K13176",-1.13943812659724,0.833440711964174,"Menthol_Menthol_vs_Control"
"ko:K13251",0.670682697882253,0.961916795994164,"Menthol_Menthol_vs_Control"
"ko:K13758",0.57825008754038,0.881512699503934,"Menthol_Menthol_vs_Control"
"ko:K13785",-2.65026912281794,1.66405231464763e-05,"Menthol_Menthol_vs_Control"
"ko:K14324",-0.682196517210148,0.961916795994164,"Menthol_Menthol_vs_Control"
"ko:K14394",1.91803930358535,0.833440711964174,"Menthol_Menthol_vs_Control"
"ko:K14397",-0.554599301158917,0.961916795994164,"Menthol_Menthol_vs_Control"
"ko:K14753",-0.236439346894387,0.833440711964174,"Menthol_Menthol_vs_Control"
"ko:K14803",-0.695203142731592,0.961916795994164,"Menthol_Menthol_vs_Control"
"ko:K14965",-6.59050875460467,1.39396772083775e-12,"Menthol_Menthol_vs_Control"
"ko:K15025",0.0586528549287951,0.998795643598265,"Menthol_Menthol_vs_Control"
"ko:K15103",0.376575836122131,0.961916795994164,"Menthol_Menthol_vs_Control"
"ko:K15620",-1.40548541107509,0.828092446690565,"Menthol_Menthol_vs_Control"
"ko:K16186",1.45722406583418,0.178964449598714,"Menthol_Menthol_vs_Control"
"ko:K16197",-1.2973913162512,0.207013099414876,"Menthol_Menthol_vs_Control"
"ko:K16344",-0.861843594214176,0.728038558089178,"Menthol_Menthol_vs_Control"
"ko:K16575",0.252721533196169,0.998795643598265,"Menthol_Menthol_vs_Control"
"ko:K16794",-0.259367700498896,0.961916795994164,"Menthol_Menthol_vs_Control"
"ko:K17080",-1.24822849105576,0.833440711964174,"Menthol_Menthol_vs_Control"
"ko:K17081",-0.439056475550699,0.833440711964174,"Menthol_Menthol_vs_Control"
"ko:K17093",1.35086444598517,0.833440711964174,"Menthol_Menthol_vs_Control"
"ko:K17254",0.693131657364381,0.961916795994164,"Menthol_Menthol_vs_Control"
"ko:K17255",0.625007216949638,0.995514422114898,"Menthol_Menthol_vs_Control"
"ko:K17266",-0.693914217300146,0.833440711964174,"Menthol_Menthol_vs_Control"
"ko:K17268",0.558115962663641,0.854768993279775,"Menthol_Menthol_vs_Control"
"ko:K17497",-0.260112516623132,0.998795643598265,"Menthol_Menthol_vs_Control"
"ko:K17780",-0.93237134925796,0.854768993279775,"Menthol_Menthol_vs_Control"
"ko:K17795",0.855325688124088,0.961916795994164,"Menthol_Menthol_vs_Control"
"ko:K17918",-0.0992445934655483,0.961916795994164,"Menthol_Menthol_vs_Control"
"ko:K17920",0.875049418470588,0.0035430980440801,"Menthol_Menthol_vs_Control"
"ko:K18269",-0.721118029232821,0.728038558089178,"Menthol_Menthol_vs_Control"
"ko:K18466",-0.179213648669199,0.988062050613687,"Menthol_Menthol_vs_Control"
"ko:K18617",0.314494156555682,0.995514422114898,"Menthol_Menthol_vs_Control"
"ko:K19400",-0.114890278431609,0.998795643598265,"Menthol_Menthol_vs_Control"
"ko:K19682",0.0925843875630286,0.998795643598265,"Menthol_Menthol_vs_Control"
"ko:K19765",0.0203674112658241,0.998795643598265,"Menthol_Menthol_vs_Control"
"ko:K19788",1.48185753667078,0.854768993279775,"Menthol_Menthol_vs_Control"
"ko:K19931",-0.0841273431511305,0.998795643598265,"Menthol_Menthol_vs_Control"
"ko:K19932",-0.705280230355255,0.854768993279775,"Menthol_Menthol_vs_Control"
"ko:K20011",0.00745786972963807,0.998795643598265,"Menthol_Menthol_vs_Control"
"ko:K20301",0.498124728001964,0.961916795994164,"Menthol_Menthol_vs_Control"
"ko:K20302",0.0956563365608392,0.998795643598265,"Menthol_Menthol_vs_Control"
"ko:K20346",-0.892074159925449,0.833440711964174,"Menthol_Menthol_vs_Control"
"ko:K20347",-0.405832207981099,0.961916795994164,"Menthol_Menthol_vs_Control"
"ko:K20350",-1.44852427603716,0.833440711964174,"Menthol_Menthol_vs_Control"
"ko:K20352",-0.137800493234996,0.961916795994164,"Menthol_Menthol_vs_Control"
"ko:K20369",0.569393280472313,0.0662509172768017,"Menthol_Menthol_vs_Control"
"ko:K20398",0.343881388048554,0.958442639970006,"Menthol_Menthol_vs_Control"
"ko:K20399",-0.987238301548945,0.961916795994164,"Menthol_Menthol_vs_Control"
"ko:K20472",0.01748795621707,0.998795643598265,"Menthol_Menthol_vs_Control"
"ko:K21870",-0.810562914740992,0.833440711964174,"Menthol_Menthol_vs_Control"
"ko:K21891",-1.2166689426871,0.958442639970006,"Menthol_Menthol_vs_Control"
"ko:K22069",0.538600089797813,0.970423278366435,"Menthol_Menthol_vs_Control"
"ko:K22390",-0.479117753162332,0.961916795994164,"Menthol_Menthol_vs_Control"
"ko:K22503",0.0749510688431773,0.998795643598265,"Menthol_Menthol_vs_Control"
"ko:K22556",-2.5502408313006,0.306844549016718,"Menthol_Menthol_vs_Control"
"ko:K22939",-0.387885732942268,0.961916795994164,"Menthol_Menthol_vs_Control"
"ko:K23034",-2.27943586565031,0.961916795994164,"Menthol_Menthol_vs_Control"
"ko:K000241",-0.822556324532852,0.82711934419622,"Vibrio_Vibrio_vs_Control"
"ko:K000311",0.255943141621467,0.91513126206375,"Vibrio_Vibrio_vs_Control"
"ko:K001281",0.160601527923001,0.885989989226495,"Vibrio_Vibrio_vs_Control"
"ko:K001341",-0.441220487370122,0.869198261597917,"Vibrio_Vibrio_vs_Control"
"ko:K001401",1.29894728344618,0.290980151339767,"Vibrio_Vibrio_vs_Control"
"ko:K002071",-0.460744651588343,0.851331742843442,"Vibrio_Vibrio_vs_Control"
"ko:K002351",-0.951431144265925,0.268777752544569,"Vibrio_Vibrio_vs_Control"
"ko:K002491",-3.4929269341021,0.146060380422379,"Vibrio_Vibrio_vs_Control"
"ko:K002621",-0.609163332791777,0.629769326016044,"Vibrio_Vibrio_vs_Control"
"ko:K003311",0.712734456172856,0.629769326016044,"Vibrio_Vibrio_vs_Control"
"ko:K003331",-0.304407054674189,0.819150106657982,"Vibrio_Vibrio_vs_Control"
"ko:K003381",1.2737653900296,0.629769326016044,"Vibrio_Vibrio_vs_Control"
"ko:K003571",-1.25149894944638,0.599842369141958,"Vibrio_Vibrio_vs_Control"
"ko:K004111",-0.123752848260166,0.837397023172651,"Vibrio_Vibrio_vs_Control"
"ko:K004131",1.32067510055103,0.634020310491358,"Vibrio_Vibrio_vs_Control"
"ko:K004561",-0.71691488373028,0.50291503166953,"Vibrio_Vibrio_vs_Control"
"ko:K004691",-0.526796926686064,0.100585538916316,"Vibrio_Vibrio_vs_Control"
"ko:K005001",0.135068846103544,0.946825150745521,"Vibrio_Vibrio_vs_Control"
"ko:K005221",-0.28882821972748,0.69601300677064,"Vibrio_Vibrio_vs_Control"
"ko:K005441",0.180569299090778,0.993647607248069,"Vibrio_Vibrio_vs_Control"
"ko:K006161",1.37597935568372,0.593750811283844,"Vibrio_Vibrio_vs_Control"
"ko:K006431",1.44246800001536,2.36574728928503e-05,"Vibrio_Vibrio_vs_Control"
"ko:K007891",0.0422657961047253,0.993647607248069,"Vibrio_Vibrio_vs_Control"
"ko:K007991",-0.932499313294532,0.623616889327129,"Vibrio_Vibrio_vs_Control"
"ko:K008141",-0.697445030470245,0.723070100829203,"Vibrio_Vibrio_vs_Control"
"ko:K008191",-0.167270497564979,0.851331742843442,"Vibrio_Vibrio_vs_Control"
"ko:K008561",1.24002393825649,0.290980151339767,"Vibrio_Vibrio_vs_Control"
"ko:K009331",-0.425009725672686,0.639920853770057,"Vibrio_Vibrio_vs_Control"
"ko:K009391",0.82726413230486,0.290980151339767,"Vibrio_Vibrio_vs_Control"
"ko:K009401",-0.795638988832127,0.527867994163311,"Vibrio_Vibrio_vs_Control"
"ko:K009661",0.0572912265611523,0.993647607248069,"Vibrio_Vibrio_vs_Control"
"ko:K009671",0.404837925523829,0.26850490846352,"Vibrio_Vibrio_vs_Control"
"ko:K010701",-0.568552976028803,0.885989989226495,"Vibrio_Vibrio_vs_Control"
"ko:K012061",3.46705915841777,1.15953765568314e-06,"Vibrio_Vibrio_vs_Control"
"ko:K012511",2.12686582846079,0.000425549275328069,"Vibrio_Vibrio_vs_Control"
"ko:K013631",-0.172221761252331,0.861156201194228,"Vibrio_Vibrio_vs_Control"
"ko:K013651",0.302452440035009,0.409875723059575,"Vibrio_Vibrio_vs_Control"
"ko:K013791",-0.485354395532199,0.366283709951748,"Vibrio_Vibrio_vs_Control"
"ko:K015511",0.30021331187342,0.952789259204957,"Vibrio_Vibrio_vs_Control"
"ko:K015961",3.06411949504158,1.76818854565302e-29,"Vibrio_Vibrio_vs_Control"
"ko:K016231",0.0290420382482557,0.993647607248069,"Vibrio_Vibrio_vs_Control"
"ko:K016811",1.37383417542331,0.00405447037293608,"Vibrio_Vibrio_vs_Control"
"ko:K016891",0.543381354030157,0.392105708507315,"Vibrio_Vibrio_vs_Control"
"ko:K016971",-1.12321193563387,0.599842369141958,"Vibrio_Vibrio_vs_Control"
"ko:K017581",0.886182218792367,0.599842369141958,"Vibrio_Vibrio_vs_Control"
"ko:K018751",-0.0778501279215726,0.993647607248069,"Vibrio_Vibrio_vs_Control"
"ko:K018811",0.902470113720596,0.670564239425915,"Vibrio_Vibrio_vs_Control"
"ko:K018891",0.980666646153593,0.399843079340597,"Vibrio_Vibrio_vs_Control"
"ko:K018901",0.0603585327888184,0.993647607248069,"Vibrio_Vibrio_vs_Control"
"ko:K018921",-0.0787107662443938,0.993647607248069,"Vibrio_Vibrio_vs_Control"
"ko:K018931",-0.779429583448976,0.634020310491358,"Vibrio_Vibrio_vs_Control"
"ko:K019531",-0.719521634305265,0.209581699234801,"Vibrio_Vibrio_vs_Control"
"ko:K021051",-0.633301126126759,0.599842369141958,"Vibrio_Vibrio_vs_Control"
"ko:K021111",-0.989657203917217,0.782153470563742,"Vibrio_Vibrio_vs_Control"
"ko:K021121",0.311416671831967,0.527867994163311,"Vibrio_Vibrio_vs_Control"
"ko:K021461",-0.53380536618538,0.735752811695527,"Vibrio_Vibrio_vs_Control"
"ko:K021491",-0.617186248174674,0.69601300677064,"Vibrio_Vibrio_vs_Control"
"ko:K021521",1.6884154544586,0.381032272664098,"Vibrio_Vibrio_vs_Control"
"ko:K021551",0.311753405791349,0.69601300677064,"Vibrio_Vibrio_vs_Control"
"ko:K021831",-0.567370352283621,0.00515657256824032,"Vibrio_Vibrio_vs_Control"
"ko:K022191",-1.68567929556534,0.570581486232927,"Vibrio_Vibrio_vs_Control"
"ko:K022671",-0.443812747073428,0.851331742843442,"Vibrio_Vibrio_vs_Control"
"ko:K024371",0.797647149482734,0.399843079340597,"Vibrio_Vibrio_vs_Control"
"ko:K025031",-0.130434266838045,0.993647607248069,"Vibrio_Vibrio_vs_Control"
"ko:K026351",0.427087240071563,0.781341277148858,"Vibrio_Vibrio_vs_Control"
"ko:K026391",-0.192086696151711,0.981389824282312,"Vibrio_Vibrio_vs_Control"
"ko:K027031",4.48302995197047,0.50291503166953,"Vibrio_Vibrio_vs_Control"
"ko:K027051",1.40311909259674,0.344410674634277,"Vibrio_Vibrio_vs_Control"
"ko:K027061",-1.51903169095247,0.418710176624017,"Vibrio_Vibrio_vs_Control"
"ko:K027251",0.0824103215676087,0.993647607248069,"Vibrio_Vibrio_vs_Control"
"ko:K027261",-0.0966249850367347,0.993647607248069,"Vibrio_Vibrio_vs_Control"
"ko:K027281",-0.390316663806426,0.851331742843442,"Vibrio_Vibrio_vs_Control"
"ko:K027321",-0.120942057754774,0.946825150745521,"Vibrio_Vibrio_vs_Control"
"ko:K028651",0.251385157985976,0.91513126206375,"Vibrio_Vibrio_vs_Control"
"ko:K028661",-1.35564614117743,0.453955437282597,"Vibrio_Vibrio_vs_Control"
"ko:K028701",-0.344658973235513,0.268479135220461,"Vibrio_Vibrio_vs_Control"
"ko:K028721",-2.08436222032853,0.034310646603824,"Vibrio_Vibrio_vs_Control"
"ko:K028731",-1.80046733294058,1.15953765568314e-06,"Vibrio_Vibrio_vs_Control"
"ko:K028771",2.2515988239009,0.0359428054199768,"Vibrio_Vibrio_vs_Control"
"ko:K028801",-0.942961695487837,0.384362751969476,"Vibrio_Vibrio_vs_Control"
"ko:K028821",0.620325699889805,0.720179120163815,"Vibrio_Vibrio_vs_Control"
"ko:K028851",-0.4936044040905,0.720179120163815,"Vibrio_Vibrio_vs_Control"
"ko:K028891",-0.571334190963306,0.639920853770057,"Vibrio_Vibrio_vs_Control"
"ko:K028911",-0.428324582331408,0.943170970368006,"Vibrio_Vibrio_vs_Control"
"ko:K028961",-0.981071276938342,0.094536005213811,"Vibrio_Vibrio_vs_Control"
"ko:K028981",0.01413695485837,0.993647607248069,"Vibrio_Vibrio_vs_Control"
"ko:K029001",-0.0886782933099001,0.993647607248069,"Vibrio_Vibrio_vs_Control"
"ko:K029011",-0.298816895768498,0.885989989226495,"Vibrio_Vibrio_vs_Control"
"ko:K029051",0.351912545799432,0.599842369141958,"Vibrio_Vibrio_vs_Control"
"ko:K029081",1.41020324528646,0.146060380422379,"Vibrio_Vibrio_vs_Control"
"ko:K029101",-0.375156445487157,0.837397023172651,"Vibrio_Vibrio_vs_Control"
"ko:K029151",-0.763062435742434,0.50291503166953,"Vibrio_Vibrio_vs_Control"
"ko:K029171",0.650470765077567,0.837397023172651,"Vibrio_Vibrio_vs_Control"
"ko:K029181",0.918665226029116,0.701898257200025,"Vibrio_Vibrio_vs_Control"
"ko:K029201",0.93415174434791,0.769527640097991,"Vibrio_Vibrio_vs_Control"
"ko:K029211",-0.274753317360251,0.993647607248069,"Vibrio_Vibrio_vs_Control"
"ko:K029231",-0.453435761657978,0.830925651853073,"Vibrio_Vibrio_vs_Control"
"ko:K029241",-0.0450388115214895,0.993647607248069,"Vibrio_Vibrio_vs_Control"
"ko:K029291",0.586809358656029,0.705277979064609,"Vibrio_Vibrio_vs_Control"
"ko:K029301",-0.0560484115339598,0.993647607248069,"Vibrio_Vibrio_vs_Control"
"ko:K029321",-0.298464506271253,0.735752811695527,"Vibrio_Vibrio_vs_Control"
"ko:K029361",-0.0581071450652434,0.993647607248069,"Vibrio_Vibrio_vs_Control"
"ko:K029371",-0.19500468523496,0.954162148244782,"Vibrio_Vibrio_vs_Control"
"ko:K029381",0.699826351489775,0.50291503166953,"Vibrio_Vibrio_vs_Control"
"ko:K029411",0.715864323003103,0.599842369141958,"Vibrio_Vibrio_vs_Control"
"ko:K029471",2.24612237672804,0.173072021380217,"Vibrio_Vibrio_vs_Control"
"ko:K029491",0.8674895522782,0.293862759415497,"Vibrio_Vibrio_vs_Control"
"ko:K029511",-0.312050109447204,0.885989989226495,"Vibrio_Vibrio_vs_Control"
"ko:K029531",-1.05217627955827,0.639920853770057,"Vibrio_Vibrio_vs_Control"
"ko:K029551",-1.03651125512852,0.109479163861246,"Vibrio_Vibrio_vs_Control"
"ko:K029581",-0.180910320376463,0.950839955137713,"Vibrio_Vibrio_vs_Control"
"ko:K029621",0.787811538759709,0.426948325565668,"Vibrio_Vibrio_vs_Control"
"ko:K029661",-0.173149225615965,0.94956155382422,"Vibrio_Vibrio_vs_Control"
"ko:K029691",-0.0945909741632943,0.993647607248069,"Vibrio_Vibrio_vs_Control"
"ko:K029711",0.92372709328736,0.830925651853073,"Vibrio_Vibrio_vs_Control"
"ko:K029731",-0.615898324734736,0.837397023172651,"Vibrio_Vibrio_vs_Control"
"ko:K029751",0.00854520946975859,0.994173808219353,"Vibrio_Vibrio_vs_Control"
"ko:K029761",-1.22802466589438,0.623616889327129,"Vibrio_Vibrio_vs_Control"
"ko:K029781",0.263261244891617,0.79036876550215,"Vibrio_Vibrio_vs_Control"
"ko:K029801",-1.82436544395695,0.0158374505100596,"Vibrio_Vibrio_vs_Control"
"ko:K029811",0.468265881165584,0.939218434211637,"Vibrio_Vibrio_vs_Control"
"ko:K029831",0.0560185731788245,0.993647607248069,"Vibrio_Vibrio_vs_Control"
"ko:K029841",0.583647856187018,0.599842369141958,"Vibrio_Vibrio_vs_Control"
"ko:K029851",0.254885095205514,0.952789259204957,"Vibrio_Vibrio_vs_Control"
"ko:K029871",-1.62713961548529,0.410976019307993,"Vibrio_Vibrio_vs_Control"
"ko:K029911",-0.471710171953318,0.410976019307993,"Vibrio_Vibrio_vs_Control"
"ko:K029921",0.00845473522363304,0.994173808219353,"Vibrio_Vibrio_vs_Control"
"ko:K029931",-0.174476494273603,0.851331742843442,"Vibrio_Vibrio_vs_Control"
"ko:K029951",-0.0422521018901391,0.993647607248069,"Vibrio_Vibrio_vs_Control"
"ko:K030071",-3.64996623583417,9.40813182677575e-05,"Vibrio_Vibrio_vs_Control"
"ko:K030081",-1.59949761248404,0.410976019307993,"Vibrio_Vibrio_vs_Control"
"ko:K030121",0.575121774868188,0.885989989226495,"Vibrio_Vibrio_vs_Control"
"ko:K030151",1.68703249757705,0.50291503166953,"Vibrio_Vibrio_vs_Control"
"ko:K030171",-0.964042991440324,0.885989989226495,"Vibrio_Vibrio_vs_Control"
"ko:K030311",0.983633875429587,0.418710176624017,"Vibrio_Vibrio_vs_Control"
"ko:K030381",0.343946134865411,0.94956155382422,"Vibrio_Vibrio_vs_Control"
"ko:K030651",1.60444640272472,0.639920853770057,"Vibrio_Vibrio_vs_Control"
"ko:K030831",-0.438401213362153,0.599842369141958,"Vibrio_Vibrio_vs_Control"
"ko:K031131",-0.348209702333919,0.885989989226495,"Vibrio_Vibrio_vs_Control"
"ko:K031231",-2.40785332558455,0.144728974726045,"Vibrio_Vibrio_vs_Control"
"ko:K032311",0.600832169323281,0.885989989226495,"Vibrio_Vibrio_vs_Control"
"ko:K032321",0.767084734458749,0.720770228935496,"Vibrio_Vibrio_vs_Control"
"ko:K032331",1.23590648394638,0.527867994163311,"Vibrio_Vibrio_vs_Control"
"ko:K032341",0.687939385684241,0.851331742843442,"Vibrio_Vibrio_vs_Control"
"ko:K032361",-0.377017967375439,0.705277979064609,"Vibrio_Vibrio_vs_Control"
"ko:K032461",-1.12770644212799,0.26850490846352,"Vibrio_Vibrio_vs_Control"
"ko:K032471",-1.19008629735112,0.374279765469413,"Vibrio_Vibrio_vs_Control"
"ko:K032631",-2.41178674689516,0.384362751969476,"Vibrio_Vibrio_vs_Control"
"ko:K032831",0.277162126475602,0.639920853770057,"Vibrio_Vibrio_vs_Control"
"ko:K035211",0.310614122930573,0.837397023172651,"Vibrio_Vibrio_vs_Control"
"ko:K035221",-1.5849250410697,0.410976019307993,"Vibrio_Vibrio_vs_Control"
"ko:K036261",2.17329576478256,1.97337191293725e-05,"Vibrio_Vibrio_vs_Control"
"ko:K036271",0.638567561443752,0.885989989226495,"Vibrio_Vibrio_vs_Control"
"ko:K036611",0.499956999091318,0.861156201194228,"Vibrio_Vibrio_vs_Control"
"ko:K038721",0.121393207693828,0.989356061808864,"Vibrio_Vibrio_vs_Control"
"ko:K038731",0.194202138229129,0.885989989226495,"Vibrio_Vibrio_vs_Control"
"ko:K039361",-0.755800883106969,0.81544275092062,"Vibrio_Vibrio_vs_Control"
"ko:K039421",-1.2959090192929,0.50291503166953,"Vibrio_Vibrio_vs_Control"
"ko:K039431",0.0759853909337467,0.993647607248069,"Vibrio_Vibrio_vs_Control"
"ko:K040431",0.974297381387829,0.527867994163311,"Vibrio_Vibrio_vs_Control"
"ko:K040791",0.297458537598156,0.885989989226495,"Vibrio_Vibrio_vs_Control"
"ko:K043451",1.06115082645673,0.579481270428143,"Vibrio_Vibrio_vs_Control"
"ko:K043481",-0.0429803126693085,0.993647607248069,"Vibrio_Vibrio_vs_Control"
"ko:K043541",-0.325285436589743,0.851331742843442,"Vibrio_Vibrio_vs_Control"
"ko:K043641",0.433959271016432,0.792485575660624,"Vibrio_Vibrio_vs_Control"
"ko:K043691",-0.445830818094386,0.844331331152717,"Vibrio_Vibrio_vs_Control"
"ko:K043701",-0.124149679877797,0.993647607248069,"Vibrio_Vibrio_vs_Control"
"ko:K043711",0.0284577511397309,0.993647607248069,"Vibrio_Vibrio_vs_Control"
"ko:K043931",-0.375376775779586,0.701898257200025,"Vibrio_Vibrio_vs_Control"
"ko:K044441",0.761416846889471,0.919671086798145,"Vibrio_Vibrio_vs_Control"
"ko:K044561",-0.307912303829748,0.950839955137713,"Vibrio_Vibrio_vs_Control"
"ko:K045031",-0.450053163037763,0.782153470563742,"Vibrio_Vibrio_vs_Control"
"ko:K045361",-0.829867661835994,0.720857250708378,"Vibrio_Vibrio_vs_Control"
"ko:K045521",-0.795324275145236,0.290980151339767,"Vibrio_Vibrio_vs_Control"
"ko:K045671",-0.342715148893797,0.418710176624017,"Vibrio_Vibrio_vs_Control"
"ko:K046351",-0.157242460534902,0.993647607248069,"Vibrio_Vibrio_vs_Control"
"ko:K047121",0.374060204941602,0.861156201194228,"Vibrio_Vibrio_vs_Control"
"ko:K057541",1.17233539416193,0.000824428301536259,"Vibrio_Vibrio_vs_Control"
"ko:K057551",0.348497465533134,0.851331742843442,"Vibrio_Vibrio_vs_Control"
"ko:K057571",0.264050065924206,0.599842369141958,"Vibrio_Vibrio_vs_Control"
"ko:K057581",0.155949983176372,0.976951166966289,"Vibrio_Vibrio_vs_Control"
"ko:K057591",-0.283968669405281,0.8011570026472,"Vibrio_Vibrio_vs_Control"
"ko:K066851",0.343314149702256,0.885989989226495,"Vibrio_Vibrio_vs_Control"
"ko:K066891",-0.715506227646849,0.345159711955514,"Vibrio_Vibrio_vs_Control"
"ko:K067041",0.585154373101923,0.82711934419622,"Vibrio_Vibrio_vs_Control"
"ko:K071511",-0.328695443090639,0.363006822226944,"Vibrio_Vibrio_vs_Control"
"ko:K071921",0.00249834892387385,0.996390403695554,"Vibrio_Vibrio_vs_Control"
"ko:K072051",0.0730015028305391,0.993647607248069,"Vibrio_Vibrio_vs_Control"
"ko:K073421",0.0419480032701898,0.993647607248069,"Vibrio_Vibrio_vs_Control"
"ko:K073751",-0.372626237051671,0.837397023172651,"Vibrio_Vibrio_vs_Control"
"ko:K075091",0.189977916628948,0.885989989226495,"Vibrio_Vibrio_vs_Control"
"ko:K078271",0.379285058777093,0.720857250708378,"Vibrio_Vibrio_vs_Control"
"ko:K078741",1.25710929347179,0.111275207568255,"Vibrio_Vibrio_vs_Control"
"ko:K078871",-0.00878762008960907,0.993647607248069,"Vibrio_Vibrio_vs_Control"
"ko:K078901",0.482904197359896,0.629769326016044,"Vibrio_Vibrio_vs_Control"
"ko:K078911",-0.776097287434522,0.885989989226495,"Vibrio_Vibrio_vs_Control"
"ko:K078931",0.672505162600231,0.851331742843442,"Vibrio_Vibrio_vs_Control"
"ko:K079011",0.388178813673155,0.639920853770057,"Vibrio_Vibrio_vs_Control"
"ko:K079181",-0.821227967962025,0.639920853770057,"Vibrio_Vibrio_vs_Control"
"ko:K079361",-1.22253824306801,0.111275207568255,"Vibrio_Vibrio_vs_Control"
"ko:K079371",-0.384231836745683,0.146060380422379,"Vibrio_Vibrio_vs_Control"
"ko:K079521",1.40801501883861,0.69601300677064,"Vibrio_Vibrio_vs_Control"
"ko:K079761",0.434681869915091,0.869198261597917,"Vibrio_Vibrio_vs_Control"
"ko:K080561",-0.550822004690369,0.885989989226495,"Vibrio_Vibrio_vs_Control"
"ko:K083411",0.282455551748092,0.976951166966289,"Vibrio_Vibrio_vs_Control"
"ko:K085481",0.728813465077367,0.290980151339767,"Vibrio_Vibrio_vs_Control"
"ko:K087641",-0.333236190594502,0.976951166966289,"Vibrio_Vibrio_vs_Control"
"ko:K088701",-0.313714241418945,0.91513126206375,"Vibrio_Vibrio_vs_Control"
"ko:K088721",0.53182261476426,0.909897346071437,"Vibrio_Vibrio_vs_Control"
"ko:K089571",2.29302690641453,0.0344493094053807,"Vibrio_Vibrio_vs_Control"
"ko:K090221",0.340174631340604,0.885989989226495,"Vibrio_Vibrio_vs_Control"
"ko:K093981",0.03551834236111,0.993647607248069,"Vibrio_Vibrio_vs_Control"
"ko:K094811",0.486006772739963,0.639920853770057,"Vibrio_Vibrio_vs_Control"
"ko:K094901",-0.907822724162584,0.684893118880582,"Vibrio_Vibrio_vs_Control"
"ko:K095671",2.64725866339905,0.26850490846352,"Vibrio_Vibrio_vs_Control"
"ko:K095681",-0.355433743730559,0.91513126206375,"Vibrio_Vibrio_vs_Control"
"ko:K095691",2.56183640981671,0.00619371289693888,"Vibrio_Vibrio_vs_Control"
"ko:K095801",-0.0176768457475701,0.993647607248069,"Vibrio_Vibrio_vs_Control"
"ko:K095841",-0.158658647580855,0.705277979064609,"Vibrio_Vibrio_vs_Control"
"ko:K095951",-0.654791820314901,0.426498369333252,"Vibrio_Vibrio_vs_Control"
"ko:K103641",0.293502468384557,0.720179120163815,"Vibrio_Vibrio_vs_Control"
"ko:K103651",0.279944962148039,0.634020310491358,"Vibrio_Vibrio_vs_Control"
"ko:K104181",0.685946470954748,0.599842369141958,"Vibrio_Vibrio_vs_Control"
"ko:K104191",-0.193286205323164,0.965586531286359,"Vibrio_Vibrio_vs_Control"
"ko:K104201",0.277273956597227,0.837397023172651,"Vibrio_Vibrio_vs_Control"
"ko:K104351",0.18186859602417,0.861837257790668,"Vibrio_Vibrio_vs_Control"
"ko:K105731",0.466822390377351,0.840236656058794,"Vibrio_Vibrio_vs_Control"
"ko:K105751",0.685544021340645,0.569510281616309,"Vibrio_Vibrio_vs_Control"
"ko:K105771",-0.03033260406942,0.993647607248069,"Vibrio_Vibrio_vs_Control"
"ko:K105801",-0.168001678287887,0.913557456259751,"Vibrio_Vibrio_vs_Control"
"ko:K105821",-1.33305373510026,0.623616889327129,"Vibrio_Vibrio_vs_Control"
"ko:K105831",-1.30966563189482,0.670564239425915,"Vibrio_Vibrio_vs_Control"
"ko:K106881",-0.0693913064606348,0.993647607248069,"Vibrio_Vibrio_vs_Control"
"ko:K107041",1.34525995307701,0.0112280478789412,"Vibrio_Vibrio_vs_Control"
"ko:K109491",0.76893521874179,0.629769326016044,"Vibrio_Vibrio_vs_Control"
"ko:K109561",0.0210835518403718,0.994173808219353,"Vibrio_Vibrio_vs_Control"
"ko:K110871",2.22678748451114,0.173072021380217,"Vibrio_Vibrio_vs_Control"
"ko:K110881",0.554460477769579,0.639920853770057,"Vibrio_Vibrio_vs_Control"
"ko:K110991",0.368176828346845,0.950839955137713,"Vibrio_Vibrio_vs_Control"
"ko:K111301",-0.93691928002495,0.639920853770057,"Vibrio_Vibrio_vs_Control"
"ko:K111881",-0.0489050359702361,0.993647607248069,"Vibrio_Vibrio_vs_Control"
"ko:K112511",0.867197572882871,0.374279765469413,"Vibrio_Vibrio_vs_Control"
"ko:K112521",0.496264437468521,0.599842369141958,"Vibrio_Vibrio_vs_Control"
"ko:K112541",1.27875126393003,0.374279765469413,"Vibrio_Vibrio_vs_Control"
"ko:K114951",-0.602629067603118,0.851331742843442,"Vibrio_Vibrio_vs_Control"
"ko:K115841",-2.14573310368394,0.111275207568255,"Vibrio_Vibrio_vs_Control"
"ko:K118271",0.411280217311283,0.936398160139327,"Vibrio_Vibrio_vs_Control"
"ko:K118841",-0.467267468796181,0.885989989226495,"Vibrio_Vibrio_vs_Control"
"ko:K119801",0.232408778490861,0.91513126206375,"Vibrio_Vibrio_vs_Control"
"ko:K121581",0.172368906635906,0.943044157383345,"Vibrio_Vibrio_vs_Control"
"ko:K121651",-0.279611943488378,0.981956082547677,"Vibrio_Vibrio_vs_Control"
"ko:K121941",0.166815200049971,0.69601300677064,"Vibrio_Vibrio_vs_Control"
"ko:K121971",0.323406798433233,0.837397023172651,"Vibrio_Vibrio_vs_Control"
"ko:K121981",-0.0571297117744449,0.993647607248069,"Vibrio_Vibrio_vs_Control"
"ko:K123931",2.24387364455171,0.149090202725862,"Vibrio_Vibrio_vs_Control"
"ko:K123981",0.0860961727861658,0.993647607248069,"Vibrio_Vibrio_vs_Control"
"ko:K125811",-0.933275764785299,0.82711934419622,"Vibrio_Vibrio_vs_Control"
"ko:K126201",0.680588476996381,0.885989989226495,"Vibrio_Vibrio_vs_Control"
"ko:K126211",-0.436986734054319,0.91129519652083,"Vibrio_Vibrio_vs_Control"
"ko:K126221",0.310736596888954,0.962971458872341,"Vibrio_Vibrio_vs_Control"
"ko:K126231",-1.34206430812163,0.433840963282119,"Vibrio_Vibrio_vs_Control"
"ko:K126701",-1.6989480819924,0.623616889327129,"Vibrio_Vibrio_vs_Control"
"ko:K127571",-0.202852077074682,0.720857250708378,"Vibrio_Vibrio_vs_Control"
"ko:K128281",-0.107509316577396,0.821513193854724,"Vibrio_Vibrio_vs_Control"
"ko:K128321",-0.022600994394979,0.993647607248069,"Vibrio_Vibrio_vs_Control"
"ko:K128331",0.141002723908509,0.993647607248069,"Vibrio_Vibrio_vs_Control"
"ko:K128591",0.278325105067007,0.909897346071437,"Vibrio_Vibrio_vs_Control"
"ko:K128731",1.06676895243651,0.769527640097991,"Vibrio_Vibrio_vs_Control"
"ko:K128771",-0.240792927609621,0.91513126206375,"Vibrio_Vibrio_vs_Control"
"ko:K129471",-0.319311481678,0.851331742843442,"Vibrio_Vibrio_vs_Control"
"ko:K130251",-0.252202617881869,0.410976019307993,"Vibrio_Vibrio_vs_Control"
"ko:K131201",1.21900086470694,0.639920853770057,"Vibrio_Vibrio_vs_Control"
"ko:K131261",0.0161684602513439,0.993647607248069,"Vibrio_Vibrio_vs_Control"
"ko:K131761",0.640350405034874,0.82711934419622,"Vibrio_Vibrio_vs_Control"
"ko:K132511",-0.684285727376777,0.840236656058794,"Vibrio_Vibrio_vs_Control"
"ko:K137581",1.4931053554668,0.0418764461020265,"Vibrio_Vibrio_vs_Control"
"ko:K137851",-0.193985627988149,0.91513126206375,"Vibrio_Vibrio_vs_Control"
"ko:K143241",-0.640371297925661,0.885989989226495,"Vibrio_Vibrio_vs_Control"
"ko:K143941",0.0573433983497872,0.993647607248069,"Vibrio_Vibrio_vs_Control"
"ko:K143971",0.379704047708646,0.885989989226495,"Vibrio_Vibrio_vs_Control"
"ko:K147531",0.873027857822899,9.40813182677575e-05,"Vibrio_Vibrio_vs_Control"
"ko:K148031",-0.292620222498237,0.954162148244782,"Vibrio_Vibrio_vs_Control"
"ko:K149651",-0.516647802373199,0.837397023172651,"Vibrio_Vibrio_vs_Control"
"ko:K150251",2.96678572625294,0.00659917222714421,"Vibrio_Vibrio_vs_Control"
"ko:K151031",-0.602390670132736,0.629769326016044,"Vibrio_Vibrio_vs_Control"
"ko:K156201",-0.520763583021041,0.851331742843442,"Vibrio_Vibrio_vs_Control"
"ko:K161861",2.44442669651686,0.000322537791379266,"Vibrio_Vibrio_vs_Control"
"ko:K161971",-0.613341584919693,0.599842369141958,"Vibrio_Vibrio_vs_Control"
"ko:K163441",-0.148324904658812,0.94956155382422,"Vibrio_Vibrio_vs_Control"
"ko:K165751",-1.83147479220907,0.384362751969476,"Vibrio_Vibrio_vs_Control"
"ko:K167941",0.336953868125946,0.701898257200025,"Vibrio_Vibrio_vs_Control"
"ko:K170801",-0.32226555810199,0.91513126206375,"Vibrio_Vibrio_vs_Control"
"ko:K170811",-0.130397237500866,0.885989989226495,"Vibrio_Vibrio_vs_Control"
"ko:K170931",-0.589766383347919,0.851331742843442,"Vibrio_Vibrio_vs_Control"
"ko:K172541",-0.91453558335388,0.670564239425915,"Vibrio_Vibrio_vs_Control"
"ko:K172551",2.26642311955405,0.639920853770057,"Vibrio_Vibrio_vs_Control"
"ko:K172661",0.363944882972802,0.837397023172651,"Vibrio_Vibrio_vs_Control"
"ko:K172681",0.850000917640246,0.374279765469413,"Vibrio_Vibrio_vs_Control"
"ko:K174971",1.17779723927809,0.69601300677064,"Vibrio_Vibrio_vs_Control"
"ko:K177801",-0.663092517860987,0.735752811695527,"Vibrio_Vibrio_vs_Control"
"ko:K177951",-0.119290163265688,0.993647607248069,"Vibrio_Vibrio_vs_Control"
"ko:K179181",-0.208280425122625,0.720179120163815,"Vibrio_Vibrio_vs_Control"
"ko:K179201",-0.121368047159583,0.861156201194228,"Vibrio_Vibrio_vs_Control"
"ko:K182691",0.777714544431094,0.381236573728752,"Vibrio_Vibrio_vs_Control"
"ko:K184661",0.513772248554546,0.670564239425915,"Vibrio_Vibrio_vs_Control"
"ko:K186171",0.32147462149065,0.947374580303014,"Vibrio_Vibrio_vs_Control"
"ko:K194001",1.43235622514281,0.69601300677064,"Vibrio_Vibrio_vs_Control"
"ko:K196821",0.426214727003529,0.69601300677064,"Vibrio_Vibrio_vs_Control"
"ko:K197651",-0.4993022567749,1.64690398279238e-05,"Vibrio_Vibrio_vs_Control"
"ko:K197881",0.0549994084200169,0.993647607248069,"Vibrio_Vibrio_vs_Control"
"ko:K199311",0.478749787867138,0.544068371521164,"Vibrio_Vibrio_vs_Control"
"ko:K199321",0.583865266342544,0.69601300677064,"Vibrio_Vibrio_vs_Control"
"ko:K200111",0.0640511427811164,0.993647607248069,"Vibrio_Vibrio_vs_Control"
"ko:K203011",0.763293313837773,0.69601300677064,"Vibrio_Vibrio_vs_Control"
"ko:K203021",-0.33941550457528,0.830925651853073,"Vibrio_Vibrio_vs_Control"
"ko:K203461",-0.134119249023695,0.981389824282312,"Vibrio_Vibrio_vs_Control"
"ko:K203471",0.365727337379375,0.846982577269645,"Vibrio_Vibrio_vs_Control"
"ko:K203501",-2.36799870606949,0.189733577493369,"Vibrio_Vibrio_vs_Control"
"ko:K203521",0.499912382266659,0.474982534894364,"Vibrio_Vibrio_vs_Control"
"ko:K203691",-0.641288231168247,0.00405447037293608,"Vibrio_Vibrio_vs_Control"
"ko:K203981",-0.477350944752069,0.544068371521164,"Vibrio_Vibrio_vs_Control"
"ko:K203991",-0.409829529735345,0.91129519652083,"Vibrio_Vibrio_vs_Control"
"ko:K204721",-0.627556766030704,0.489468196984363,"Vibrio_Vibrio_vs_Control"
"ko:K218701",-0.121638725950119,0.982097350410866,"Vibrio_Vibrio_vs_Control"
"ko:K218911",0.559069098262791,0.885989989226495,"Vibrio_Vibrio_vs_Control"
"ko:K220691",0.60572486471612,0.885989989226495,"Vibrio_Vibrio_vs_Control"
"ko:K223901",-0.125985036490646,0.993647607248069,"Vibrio_Vibrio_vs_Control"
"ko:K225031",0.554092246062359,0.885989989226495,"Vibrio_Vibrio_vs_Control"
"ko:K225561",-2.29983098974329,0.268479135220461,"Vibrio_Vibrio_vs_Control"
"ko:K229391",-1.15104952504255,0.599842369141958,"Vibrio_Vibrio_vs_Control"
"ko:K230341",1.4838974314999,0.851331742843442,"Vibrio_Vibrio_vs_Control"
